Text,Title,Publisher,Relevant,Stance
""" 123 rahvusorganisatsiooni mõistsid valitsuse poliitika ametlikult hukka "" - selline punane pealkiri ilmus esmaspäevase Vesti Dnja esiküljel, taustaks tänavalahinguks valmistunud täisvarustuses politseinikud.",Venekeelsed lehed surfavad ikka aprillisündmuste lainel,Ekspress Grupp,Yes,Neutral
""" Loodan, et minu raamat valmistab rõõmu kõigile meelelahutusliku ja detektiivižanri austajatele, "" märkis kirjanik Leonardo Padura Fuentes, kes on sündinud 1955. aastal ja tuntud kodumaal Kuubas eeskätt politsei- ja kriminaalromaanide kaudu.",Kuubalane kirjutab Trotski traagilisest elust raamatu,Õhtuleht Kirjastus,No,NA
""" Ma andsin võimuesindajatele käsu alustada koheselt uurimist, et selgitada välja asjaolud, mis tingisid häältelugemise hilinemise osades valimisjaoskondades, "" sõnas Juštšenko.",Kaheksane uudis: Ukraina riigipea andis käsu käivitada koheselt uurimine,Ekspress Grupp,No,NA
""" Meil ei läinud mehe leidmiseks peaaegu üldse aega, "" kinnitab politseinik.",Britid mõistavad kohut Eesti neiu mõrvari üle,Ekspress Grupp,No,NA
"« Elasin Malibus aastal 1978, kui siin viimati lund sadas, » meenutas California politseinik Patrick Kimball.",Californias Malibus sadas üle 20 aasta jälle lund,Õhtuleht Kirjastus,No,NA
"« Enda sõnul kukkus ta täpselt kahe rööpa vahele ja tundis vaid kerget müksu vastu pead, » märgitakse Kölni politsei avalduses.",Veduri alla jäänud mees pääses ehmatusega,Õhtuleht Kirjastus,No,NA
"« Kaebasin vahejuhtumi ajal politseile, et nad tõlgendasid minu käitumist valesti.",Lennujaama meestetualetis vahistatud USA senaator eitab homoflirti,Õhtuleht Kirjastus,No,NA
"« Ta oli üleni ahelais ja karistuseks anti talle isegi süüa niiviisi, » ütles politseiohvitser Jay Biswas.",India: isa pani poja vale abielu pärast ahelaisse,Õhtuleht Kirjastus,No,NA
"39aastaselt surnud Ameerika kõmukaunitari säilmed saabusid kirikusse mahagonkirstus, mida saatis viiest politseimootorrattast koosnev eskort.",Anna Nicole Smith sängitati lõpuks mulda,Õhtuleht Kirjastus,No,NA
Aparaadi mälukaart jäi siiski terveks ja politsei tuvastas sellel naiste tualettruumis tehtud pildid.,Tais tabati Eestist pärit fotopervert,Õhtuleht Kirjastus,No,NA
"Bonzo selle eest, kui kiidetakse, et kui hea politseiniku rolli ta "" Õnnes "" teeb, ja mina selle eest, kui mulle soovitakse head kontserti. """,Teisikud,Õhtuleht Kirjastus,No,NA
Brasiilia politsei on algatanud Amazonase osariigis keskkonnakuritegude uurimise.,Amazonase keskkonnakuritegude uurimine algatatud,muud,No,NA
"Briti politsei esitas süüdistuse Moskva ärimehele, KGB-taustaga Andrei Lugovoile, kuid Vene võimud keeldusid teda kohtumõistmiseks välja andmast.",Britid ei ole rahul Lugovoi valimisega,Õhtuleht Kirjastus,No,NA
"Delhi politsei vahistas Indias mitmeid inimesi, kes levitasid sotsiaalmeedias valeinfot.",Jaht valeinfo levitajatele Indias,muud,No,NA
Eesti välisministeerium sai vastava teabe Alicante piirkonna politseilt.,Hispaania ajakirjandus tegi Eesti kaagid pensionärideks,Ekspress Grupp,No,NA
Eestis kasvab järjekindlalt muslimite arvukus ning kaitsepolitsei on täheldanud välisriikidest pärit muslimite huvi kasvu nendega kontakti loomise vastu.,Kapo hoiatab: islamiterroristide huvi Eesti vastu aina kasvab,Ekspress Grupp,No,NA
"Eks ma olen vaadanud töö tarbeks päris palju krimisarju, raamatuid lapanud ja näinud ka politsei tõsielupilte, "" tutvustab Irma oma muusasid.",Ajudeks sobib enim hakkliha !,Õhtuleht Kirjastus,No,NA
"Esimene "" Politseiakadeemia "" mängufilm valmis kahekümne kolme aasta eest.","Mängufilmide näitamise eesotsas püsib igihaljas "" Politseiakadeemia """,Ekspress Grupp,No,NA
"Euroopa Liidu uued liikmesriigid peavad kõrvaldama oma piirivalve puudused enne Schengeni ruumiga ühinemist, hoiatas ajalehe Financial Times vahendatud salajane raport.",ELi uued liikmed peavad piirivalve puudused kõrvaldama,muud,No,NA
"Hamburgi lennujaamas käivitatud erioperatsiooni tulemusel neutraliseeriti kahtlane pakk, teatas politsei.",Kahtlane pakk Hamburgi lennujaamas,muud,No,NA
Hispaania piirivalve on Maroko ja Ceuta vahelisel piiril tugevdanud kontrolli.,Tugevdatud piirikontroll Maroko ja Ceuta vahel,muud,No,NA
"Hostelipidajad kutsusid eestlastele politsei, sest need olevat liiga häälekalt Horvaatiasse jõudmist tähistanud.",Zagrebi politsei vahistas kaks Eesti vutifänni,Ekspress Grupp,No,NA
"Iltasanomate käsutuses on mobiiltelefoniga filmitud videolõik, kus on näha ööklubi ees politsei saabumist oodates selja taha seotud kätega Myllylät maas lamamas ja üritamas turvamehi lüüa.",Myllylä mürgeldas ööklubis,Õhtuleht Kirjastus,No,NA
Jaapani politsei on alustanud uurimist Tokyo olümpia korralduskomitee võimaliku korruptsiooni osas.,Korruptsioonikahtlus Tokyo olümpia korralduskomitees,muud,No,NA
"Jeruusalemmas toimunud rahutuste käigus sai vigastada mitu inimest, teatas Iisraeli politsei.",Vigastatud Jeruusalemma rahutustes,muud,No,NA
"Ka kogu laupäeva tegelesid politseinikud inimeste sõna otseses mõttes väljatõrjumisega parlamendihoone piirkonnast, mida politseinikud juba rohkem kui 100 päeva on pidanud oma operatiivalaks.",Ungari teel politseiriigiks,Õhtuleht Kirjastus,No,NA
"Kabuli politseijuhi kindral Ali Shah Paktiwal sõnul on tegu Nõukogude kaitseministeeriumile kuulunud vanglaga, mis ehitati sõjaväebaasi arvatavasti 1980-ndatel.",Afganistanis tuli päevavalgele nõukogudeaegne sadade laipadega massihaud,Ekspress Grupp,No,NA
"Kanada piirivalve pidas kinni 25 isikut, kes üritasid ebaseaduslikult USA-Kanada piiri ületada.",USA-Kanada piiril 25 isikut kinni peetud,muud,No,NA
"Kõigepealt arvas Soome kaitsepolitsei, et Pekka nime alla varjus Soome diplomaat Alpo Rusi ja mehele esitati spioneerimissüüdistus.",Soomes nõuab süütult spiooniks peetu riigilt kahjutasuks miljoneid,Ekspress Grupp,No,NA
"Kolmandal mail Portugalis oma hotellitoast kadunud Madeleine McCanni isa kuulab politsei üle reede pärastlõunal, kirjutab BBC.",Kadunud Madeleine'i ema viibis 11 tundi ülekuulamisel,Ekspress Grupp,No,NA
Küberkuritegude sagenemise tõttu andis Norra PPA välja avaliku hoiatuse.,Küberkuritegude kasv Norras,muud,No,NA
"Kui oli koos piisavalt palju tõendeid, korraldas politsei haarangu, mille käigus arreteeriti viis inimest.",Dopingulaboriga seotud tippratturi Ivan Basso aus ülestunnistus: Tahtsin dopingut pruukida,Õhtuleht Kirjastus,No,NA
"Kuigi ta oli horvaat, rääkis ta inglise keelt hästi, » sõnas politseiallikas ajalehele The Sun.",Horvaatia jalgpallijuht varastas ?,Õhtuleht Kirjastus,No,NA
"Kuna purjus inimesed on siiski suhteliselt süütu rahvas, ei ole põhjust karta, et võõra riigi politsei liialt teise maa siseasjadesse tungib.",Ugrimugrid,Õhtuleht Kirjastus,No,NA
"Kurdide eilne kokkupõrge piirivalvevägedega toimus Türgi pool Hakkari provintsis nelja kilomeetrit kaugusel piirist, kus hiljem terve päeva tiirutasid Türgi õhujõudude lennukid ja kopterid.",Kurdide ja türklaste eilne kokkupõrge võib süüdata sõja,Õhtuleht Kirjastus,No,NA
"Küsimusele, miks britid kinni võeti ja läbi otsiti, vastas politsei pressiesindaja Aigars Berzinš, et politseil oli operatiivinfot, mille alusel tegutseti.",Riias tabati kolm kokaiiniga poissmeest,Õhtuleht Kirjastus,No,NA
"Läinud laupäeva pärastlõunal arreteeris Bornholmi politsei kohaliku interneti uudisteportaali ja telekanali teateil kaks Eesti kalurit, kui nende traaler oli Nexø sadamas sisse sõitnud päästelaevale Leopold Rosenfeldt.",Purjus kalurid rammisid Taani merepäästelaeva,Ekspress Grupp,No,NA
"Lapse hülgemise lugu sai aga ootamatu pöörde, kui Austraalia politsei sai teada, et Uus-Meremaal on lapse ema, proua Xue, juba 10. septembrist saati kadunud.",Austraalias põimub hüljatud lapse ümber mõrvalugu,Ekspress Grupp,No,NA
Londoni Metropolitan Police võitles edukalt narkokaubanduse vastu spetsiaalse operatsiooni käigus.,Londoni politsei löök narkokaubandusele,muud,No,NA
"Madeleine'i vanemad avaldasid möödunud nädala lõpul Portugali politsei nõusolekul ka FBI koolitusega kunstniku joonistatud pildi lõunaeurooplase välimusega lühemat kasvu mehest, kes kandis süles pidžaamas last.",Madeleine McCanni otsitakse Marokost,Õhtuleht Kirjastus,No,NA
"Me mäletame, kuidas välisriikide piirivalve lemmikvõte oli kangutada küünega lahti passi fotoga leheküljele katnud turvakilet.",Banaaniriigi pass,Õhtuleht Kirjastus,No,NA
"Me püüame hetkel tuvastada pommis kasutatud lõhkeaine täpset koostist, "" sõnas uudisteagentuurile AFP anonüümsust palunud India politsei kõrge ametnik.",Kaheksane uudis: Indias plahvatas kinos keset filmi pomm,Ekspress Grupp,No,NA
"Meeleavaldused algasid neljapäeval, kui märulipolitsei oli kopterite ja kraanade abil eelmisel ööl tunginud noorte Ungdomshuset-majja Norrebro linnajaos.",Taani võimud taltsutavad jõuliselt noortekultuuri,Õhtuleht Kirjastus,No,NA
"Mees ründas naist ja rebis tal hammastega kõrva peast, teatas Soome politsei.",Soomes rebiti naisel kõrv peast,Õhtuleht Kirjastus,No,NA
"Meestele saadi jälile pärast seda, kui üks sihikule võetud tüdruk maksis neile suure summa raha, et nad teda ei vägistaks, ja läks seejärel politseisse.",Iraanis poodi rahva ees kolm vägistajat,Õhtuleht Kirjastus,No,NA
Mehhiko politsei tegi avalikuks kohaliku PPA narkokartelli liidri vahistamise.,Mehhiko narkokartelli liider vahistatud,muud,No,NA
Melbourne'is aset leidnud mitme inimröövi uurimise on võtnud enda kätte Austraalia politsei.,Mitmed inimröövid Melbourne'is,muud,No,NA
"Möödunud nädalal kihutas purjus politseinik Skuodase rajoonis autoga otsa koolist tulnud lastele, kelle seast kolm kümneaastast poissi said surma.",Leedus lahkusid ametist siseminister ja politseijuht,Õhtuleht Kirjastus,No,NA
Moskvas pidas politsei kinni mitu opositsioonimeeleavaldusega seotud isikut.,Opositsioonimeeleavaldajad Moskvas vahistatud,muud,No,NA
"Nad leiti majast, mis asub Carnationi väikelinna lähistel eraldatud maavaldusel, ütles Kingi maakonna politseiseersant John Urquhart.",Ameerika Ühendriikides toimus jõululaupäeval kuuikmõrv,Õhtuleht Kirjastus,No,NA
Napoli sadamas konfiskeerisid Carabinieri laia valiku ebaseaduslikke relvi.,Suur relvapartii konfiskeeritud Napolis,muud,No,NA
"Neist 30 275 usaldas e-hääletust.SL Õhtuleht kutsub kõiki üles valima minema. Kõik, kel selleks võimalus, peaks parema Eesti ja tuleviku nimel homme kindlasti valimisjaoskonda minema.",Vali Eesti !,Õhtuleht Kirjastus,No,NA
"New Yorgis Times Square'il toimunud tulistamises on kolm kannatanut, teatas kohalik politsei pressiesindaja.",Kolm kannatanut Times Square'i tulistamises,muud,No,NA
Nimelt oli politsei sulgenud libeduse tõttu mitu kiirteed ja mõistagi tuli lisakoormus ( veel ) käigus olevatele teedele.,Saksamaal jäävangis . Abimeesteta,Õhtuleht Kirjastus,No,NA
Õnneks sa ikka moepolitsei pole ja kindlasti selleks kunagi ei kvalifitseeru,Pingviinide paraadi parimad ja halvimad palad,muud,No,NA
"Ööl vastu pühapäeva, umbes kella poole kahe ajal viidi Snoop Dogg ning üks 23-aastane naisterahvas Södermalmi politseijaoskonda, vahendab Thelocal.se",Snoop Dogg jäi Rootsis narkootikumidega vahele,Ekspress Grupp,No,NA
Opositsiooniliidri taolised seisukohad olevatki peaministri sõnul viinud politsei demoraliseerumiseni.,Ungari politsei skandaalide keskel,Õhtuleht Kirjastus,No,NA
Oulu politsei sõnul süüdistatakse Myllylät turvamehele kallaletungimises ja ametivõimudele vastuhakkamises.,Myllylä mürgeldas ööklubis,Õhtuleht Kirjastus,No,NA
Paavsti julgeolekuteenistus pidas mehe kinni ja andis üle Vatikani politseile.,Mees püüdis paavsti autosse ronida,Ekspress Grupp,No,NA
"Paeluv ja skandaalne armastuslugu hargneb aastal 1942 jaapanlaste okupeeritud Hiinas, kus kaunis Hiina vastupanuagent ( Wei Tang ) on saadetud võrgutama kollaboratsionistlikku politseiülemat ( Tony Leung ).",Ang Leele ennustatakse Kuldlõvi,Õhtuleht Kirjastus,No,NA
"Piirivalve kahtlustab, et tules võisid oma otsa leida ka mõned Mehhikost illegaalselt üle piiri tulnud pagulased, kelle jälgi märgati eile öösel.",Californias lõõmavad taas hiiglaslikud metsatulekahjud,Õhtuleht Kirjastus,No,NA
"Piirivalvurite teatel toimus Uspaskichi vahistamine rahulikult, mis tahes vahejuhtumiteta.",Uspaskich vahistati Leetu saabumisel,Õhtuleht Kirjastus,No,NA
Politsei alustas Moskva tänaval suuroperatsiooni jõugu liikmete tabamiseks.,Moskvas ründas noortejõuk jõhkralt möödujaid,Ekspress Grupp,No,NA
"Politsei arvab endiselt, et Kate ja Gerry McCann söötsid nii Madeleine'ile kui ka tema kaheaastastele kaksikutest õele ja vennale enne sõpradega õhtusöögile minekut unerohtu.",Madeleine'i kadumine: järjest uued versioonid,Õhtuleht Kirjastus,No,NA
"Politsei ei ole veel tapetuid identifisteerinud, kuid usub, et tegemist on Aasia päritolu inimestega.",Saksamaal leiti Hiina restoranis kuus surnukeha,Ekspress Grupp,No,NA
Politsei ei suutnud Tšehhi uudisteagentuuri CTK teatel kurjategijat tabada ja peatas tänavu juurdluse.,Tšehhis viis raharöövel pool miljardit krooni,Õhtuleht Kirjastus,No,NA
Politsei on konfliktipiirkonnast tsiviilisikud evakueerinud ning korda asuvad valvama Nigeeria riiklikud relvajõud.,Nigeerias tapsid islamiäärmuslased 13 inimest,Ekspress Grupp,No,NA
"Politsei piiras rahutuste kartuses kõigepealt metallaiaga ümber Oslo raekoja ja hotelli, kus NATO külalised peatusid.",Oslos märatsesid möödunud ööl tänavatel 2000 noort,Ekspress Grupp,No,NA
"Politsei raportis on selgelt kirjas, et hotellitubadest leiti meditsiinilisi vahendeid, millega tehti keelatud toiminguid ning palju muud dopingule viitavat.",Austerlastele olümpiakeeld,Õhtuleht Kirjastus,No,NA
"Politsei sõnul nähti Mooneyt viimati neljapäeval, kui ta sõitis diplomaatilist numbrimärki kandva musta Chevrolet Salooniga.",Kadunud USA diplomaat leiti Küproselt surnuna,Ekspress Grupp,No,NA
"Politsei usalduse taastamiseks hakkas tööle nn roheline politseiliin, kuhu võivad helistada need kodanikud, kes arvavad, et politseinik pole neid õiglaselt kohelnud.",Ungari politsei skandaalide keskel,Õhtuleht Kirjastus,No,NA
"Politseiajalugu on aidanud taastada ka Havi memuaarid "" Külakubjas ”, mis ilmus järjejutuna mõne aasta eest Lääne Elus.",Jaama tänav andis välja vana revolvri,muud,No,NA
"Politseil puuduvad esialgu jäljed, mis viiksid haua lahtikaevajatele lähemale, ometi oletatakse, et nad kuuluvad paremäärmuslaste hulka.",Budapestis varastati Kadari põrm,Õhtuleht Kirjastus,No,NA
Politseiniku surmaga lõppenud fännide rahutuste järel ei saanud Itaalia jalgpalliliiga juhtkond ja riigi tipp-poliitikud enam käed rüpes istuma jääda.,Jalgpall Itaalias tühjadel staadionidel ?,Ekspress Grupp,No,NA
"Politseioperatsioone juhtinud Michael Agerbäck ütleb ajalehele Politiken, et ta pole kunagi varem kogenud nii suure järjekindlusega organiseeritud vägivallaakte ja vandalismi.",Taani võimud taltsutavad jõuliselt noortekultuuri,Õhtuleht Kirjastus,No,NA
"Pooduna leitud Bruno Piccolo, kes kuulus varasemalt ka ise maffia ridadesse, aitas politseil tuvastada 2005-aastal tapetud Itaalia poliitiku mõrvarid, edastab BBC.",Calabria maffia veretöö tunnistaja leiti surnuna,Ekspress Grupp,No,NA
"Prantsusmaa piirivalve päästis Vahemere ääres hulga migrante, kes olid teel Liibüast Euroopasse.",Prantsusmaa piirivalve päästab Vahemerel migrante,muud,No,NA
Rootsi politsei on Stockholmi piirkonnas algatanud uurimise seoses hiljutiste tulistamisjuhtumitega.,Tulistamisjuhtumid Stockholmis uurimise all,muud,No,NA
"Samuti teatas naine juhtunust Seattle'i politseile, kes tunnistab, et avaldus on olemas, kuid keeldub seda avalikustamast.",Modell süüdistab: Copperfield peksis ja vägistas mind !,Õhtuleht Kirjastus,No,NA
"Seetõttu viibivad Briti politsei ja eriteenistused kõrgendatud valmisolekus, et koheselt reageerida võimalike pantvangi võtmistele, kirjutas ajaleht The Sunday Times.",The Sunday Times: al-Qaida käskis oma rakukestel taktikat muuta,Ekspress Grupp,No,NA
"Sitsiilia vanadaam võttis oma 61aastaselt pojalt karistuseks ära koduvõtmed ja taskuraha ning viis ta politseijaoskonda, sest võsuke oli öösiti linna peal kolanud.",61aastane poeg jäeti taskurahata,Õhtuleht Kirjastus,No,NA
Soome politsei kahtlustab Espoos elavat naist oma kolme lapse tapmises ja juhtunu asjus on alustatud mõrvajuurdlust.,Soomes tappis ema oma kolm last,Õhtuleht Kirjastus,No,NA
"Soome politsei sai veebruaris Turu sadamast kätte 40 kilo hašišit, mis oli peidetud 60-aastase hollandlase autosse.",Hollandlane püüdis Soome viia 40 kilo hašišit,Ekspress Grupp,No,NA
Šveitsi piirivalve avastas Genfi lähedal ebaseadusliku migratsioonilaagri.,Šveits avastab ebaseadusliku migratsioonilaagri,muud,No,NA
"Sydney kesklinnas toimunud pussitamises leidis aset üks surmajuhtum, kinnitas politsei.",Surmaga lõppenud pussitamine Sydney's,muud,No,NA
"Tai politsei algatas kampaania kasutatud toiduõli kogumiseks, et toota patrullautode jaoks biodiiselkütust, kuna üha kerkiv nafta hind sööb kuritegevusega võitlemiseks mõeldud raha.",Tai politsei ootab toiduõli annetusi,Õhtuleht Kirjastus,No,NA
"Texase piirkonnas on USA piirivalve tugevdanud patrullimist, et võidelda inimsmuugeldamisega.",Texase piirivalve suurendab patrulle,muud,No,NA
"Uurimistöö ja valvekaamera lindistusele tuginedes väidab politsei, et neljaliikmeline vargajõuk ründas kauplust laupäeval kella 18 ajal, vahendab MTV3.",Välismaa päritolu vargad tühjendasid Soomes taas kullakauplust,Ekspress Grupp,No,NA
Vene piirivalve oli asja võtnud väga tõsiselt ja kulutas kolonni esimeste autode kontrolliks poolteist tundi per nägu.,Pensionäride teekonnal Pekingist Pariisi juhtus esimene intsident just Eesti piiril,Õhtuleht Kirjastus,No,NA
Washingtoni suurmeeleavaldusel vahistas politsei mitu inimest relvade omamise eest.,Relvadega meeleavaldajad Washingtonis,muud,No,NA
"Yangoni kesklinna on viidud kaheksa veoautotäit relvastatud märulipolitseinikke, vahendab Reuters.",Birma saatis munkade vastu märulipolitsei,Ekspress Grupp,No,NA
""" Kui politsei on saanud oma alused, muutub järelevalve merel pidevaks, "" lisas Kullerkupp.",Merepolitsei alustas hooaega,Ekspress Grupp,Yes,Neutral
""" Nimetatute näol võib väita, et vahi all on kui mitte kogu, siis suurem osa eestikeelse allilma juhtidest, "" ütles tundmatuks jääda soovinud endine kriminaalpolitseinik Päevaleht Online'ile.",Ekspolitseinik: trellide taga on eestikeelse allilma juhtkond,Ekspress Grupp,Yes,Neutral
""" Selliste õnnetuste puhul on politsei konkreetne ja resoluutne ning taotleb teo tõsidusele vastavat karistust. """,Neljale lapsele otsa sõitnud nooruk sai 30 päeva aresti,Ekspress Grupp,Yes,Positive
""" Tallinna munitsipaalpolitsei autodele paigaldatud rohelised märgutuled pole vilkurid tähenduses, mida omistab seadus punasele, sinisele ja kollasele vilkurile, "" ütles munitsipaalpolitsei ameti juhataja Kaimo Järvik Päevaleht Online'ile.",Munitsipaalpolitsei rohelised vilkurid on ebaseaduslikud,Ekspress Grupp,Yes,Neutral
1. augustist täiendab siseministeerium kaitsepolitseiameti koosseisu ühe peadirektori asetäitja ametikoha võrra.,Pihl loob Kapos peadirektori asetäitja ametikoha,Ekspress Grupp,Yes,Neutral
"14. jaanuaril kella 19.55 ajal teatati politseile, et Helme vallas Koorküla külas Tõrva – Koorküla teel kukkus sõiduauto VAZ peale puu.",Politsei,muud,Yes,Neutral
"16. oktoobril kontrollisid piirivalvurid Peipsil Varnja küla kaldast 4,5 km kaugusel mootorpaati, mida juhtis Kasepää elanik Georgi.",Kalapüügikeelu eiraja sai trahvi,Õhtuleht Kirjastus,Yes,Neutral
2003. aastal Kuressaare kesklinna püstitatud ja pärast seda linnapildis võõrkehana palju poleemikat tekitanud piirivalvemasti ei ole lähiajal kavas maha võtta.,Ajaleht: Kuressaare piirivalvemasti linnast välja viimised idee on vaibunud,Ekspress Grupp,Yes,Neutral
"4. jaanuaril kella 00.15 ajal teatati politseile, et Valgas Kuperjanovi tänaval varastati ühe maja juures seisnud madelautolt Ford Ranger redel.",Politsei,muud,Yes,Neutral
"5. – 8. aprillini korraldatud politseioperatsiooni käigus peeti kinni 29 joobes ( Valgamaal 3 ), 26 juhtimisõiguseta ( Valgamaal 1 ), 24 kiirust ületanud ning 6 alkoholi jääknähtudega juhti.",Suurenes joobes ja lubadeta juhtide arv,muud,Yes,Neutral
"Aga nendele, kes teel, pakutakse praegugi – see on saanud lausa elunormiks, et politsei on äraostetav.","Villu Vane – ilusat pensioni ! A natuke noor ei ole veel ? Üks politseinik , kelle vastu respekt !",Õhtuleht Kirjastus,Yes,Negative
"Augustis kutsuti Läänemaal politsei ebaadekvaatselt käitunud purjus mehele ning selle asemel, et mees taseriga kahjutuks teha, tulistas politsei mehe surnuks - intsidendi tulemusel jäi kolm last isata.",Ärme luba politseil muutuda miilitsaks!,muud,Yes,Negative
Avalikkus on kiitnud politsei läbipaistvust ja professionaalsust selliste juhtumite käsitlemisel.,Inimkaubandus ei tunne piire,muud,Yes,Positive
"Avalikkus on pööranud tähelepanu sellele, kuidas politsei on käsitlenud hädaabikõnesid, paljud juhtumid on jäänud reageerimata või hilinenud.",Kolumn: Hädaabiteenuste puudulikkusest,muud,Yes,Negative
"Demokraatlikes riikides on kombeks, et politsei ülemääraste jõuvõtete vastu on õigus esitada kaebus.","Veel kord ""vene mässust""",Õhtuleht Kirjastus,Yes,Neutral
Ebaefektiivne piirivalve on muutnud Eesti piirid auklikuks ja julgeolekut ohustavaks.,Eesti piiride julgeoleku küsimused vajavad lahendusi,muud,Yes,Negative
"Ebaõnnestunud investeeringud kallitesse seadmetesse on tekitanud arutelu, kas politsei rahastamine on tõhus.",Kuhu läheb politsei raha?,muud,Yes,Negative
"Eelkõige eirab võimuliit õpetajate, politseinike, pääste- ja meditsiinitöötajate jätkusuutliku palgareformi läbiviimise vajadust.",Keskerakond: koalitsioonilepe ei lahenda Eesti probleeme,Ekspress Grupp,Yes,Neutral
"Ei jõudnud me aga kuigi kaua astuda, kui jalgrattal väntas kohale julgestuspolitseinik, kes teatas kurjalt, et kobigu me tagasi kivide vahele ukerdama.",Kallasraja kius,Õhtuleht Kirjastus,Yes,Negative
"Eile pärastlõunal teatati politseile mehest, kes lahkus hommikul kell 9 kodust ning pole seni tagasi ilmunud.",Abja-Paluojal uppus mees,Ekspress Grupp,Yes,Neutral
"Enne patrullima asumist koolitab politsei vabatahtlikke, et need oskaksid käituda purjus noortega, tunda ära narkojoovet, ennast kaitsta jms.",Politsei otsib koostöökohti,muud,Yes,Neutral
"Ent kui politsei hakkaks tipptunni ajal suurematel ristmikel troppe trahvima, siis tekitaks see vähemalt esialgu veel hullemaid ummikuid, sest tee äärde rivistatud autod vähendavad veelgi tänavate läbilaskevõimet.","Minu auto , minu kodu ja kirst",Õhtuleht Kirjastus,Yes,Neutral
"Esmaspäeval toimus Türilt Tallinnasse sõitval Edelaraudtee rongil segane vahejuhtum, mille tulemusel sattus 13-aastane vaegnägijast tüdruk politseijaoskonda.",Vaegnägijast tüdruk sattus rongilt politseijaoskonda,Ekspress Grupp,Yes,Neutral
"Et järelevalvet tõhustada, võtab politsei lähiajal kasutusele tehnilise järelevalve seadmed, et tabada kiiruseületajaid ja fooritulede eirajaid.",Kihutaja jääb juhiloast ilma,Õhtuleht Kirjastus,Yes,Neutral
Harju maakohus rahuldas Vladimir Lebedevi ( 54 ) poolt politsei koostatud väärteootsuse peale esitatud kaebuse ning lõpetas väärteomenetluse.,Lebedev sai kohtus politsei üle õiguse,Ekspress Grupp,Yes,Neutral
"Hiljuti käis politsei käis korduvalt ahistamas Tallinnas kohvikut pidavat ettevõtjat Elvis Brauerit ning kasutas tema kallal vägivalda, vedades mehe oma kohvikust välja ja teine kord ukselt eemale, kuigi vastuhakku ta ei osutanud.",Ärme luba politseil muutuda miilitsaks!,muud,Yes,Negative
"Homme, 9. märtsil viib julgestuspolitsei liiklusjärelevalve üksus õhtusel tipptunnil Tallinna-Tartu maanteel läbi politseioperatsiooni, mille põhieesmärk on rahustada antud trassil liiklust.",Julgestuspolitsei rahustab homme Tallinna-Tartu maanteel liiklust,Ekspress Grupp,Yes,Neutral
Ida prefektuuri pressiesindaja Kristina Kostina sõnul on Lüganuse vallavolikogu liikme Juho Põllu suhtes alustatud väärteomenetlust korruptsioonivastase seaduse rikkumise alusel.,Vallavolinik politseiuurimise all,Ekspress Grupp,Yes,Neutral
Iga uus piirang tekitab järjest enam ja uusi piiranguid ja ühel päeval avastame ennast politseiriigist.,Karistamatud,Õhtuleht Kirjastus,No,NA
Jõuametite tegevust jälgides on mul kurb ja häbi – politsei on hakanud muutuma taas nõukogude aegseks miilitsaks,Ärme luba politseil muutuda miilitsaks!,muud,Yes,Negative
"Juhtimiskeskus edastas info politseipatrullile, kes mõne aja pärast leidis tüdrukud üles.",Noormehed jätsid tüdrukud tundmatus kohas tee äärde,Ekspress Grupp,Yes,Neutral
"Ka alkoholi ei olnud lubatud tarvitada. "" Kalmistu läheduses olid politseinikud ja kaitseliitlased, et võimalike provokatsioonide eest rahumeelseid inimesi kaitsta.",Koosolek ausamba juures läks rahumeelselt,muud,Yes,Neutral
"Ka politseiameti peadirektor Raivo Aeg nentis, et muudatuste järel suureneb eelkõige politseiameti osa liiklusohutuse tagamisel.",Kapo-taustaga Raigo Haabu tõusis üheks politseijuhiks,Ekspress Grupp,Yes,Neutral
"Ka viimasel nädalal Tallinnas aset leidnud sündmused näitavad, et politsei areneb",Mis taastaks politsei maine?,muud,Yes,Positive
"Kaitsepolitsei vahistas Maksim Reva, Dmitri Linteri ja Mark Sirõki 28. aprillil - Linter on samuti senini vahi all, kuid Sirõk on nüüdseks vabanenud, ütles Päevaleht Online'ile Maakohtu pressiesindaja Dagne Hanschmidt.",Kohus ei vabastanud Öise Vahtkonna liidrit,Ekspress Grupp,Yes,Neutral
"Kannatanu pöördus politseisse, kes algatas juhtunu kohta kriminaalmenetluse kelmuse paragrahvi järgi.",Naine langes libaloto ohvriks,Ekspress Grupp,Yes,Neutral
"Kaup tagastati kauplusele, politsei alustas mehe suhtes väärteomenetlust.",Politsei,muud,Yes,Neutral
Kella 16.15ks viib Kaitseliit koostöös politseiga võidutule Lüllemäele.,Võidupüha tähistamine Valgamaal,muud,Yes,Neutral
"Keskkonna järelevalve tõhustamiseks muretsetud ligi 12 miljonit krooni maksva Enstrom 480B tüüpi kopteri pärast käisid piirivalve lennusalga piloodid ja mehaanikud mullu sügisel ühendriikides koolitusel, kirjutab.",Keskkonnainspektsiooni kallis kopter seisis mitu kuud silmailuks,Ekspress Grupp,Yes,Neutral
"Keskkriminaalpolitsei pidas pikaajalise jälitustöö tulemusena 28. septembril Harjumaal ja Tallinnas kinni neli isikut, kellelt konfiskeeriti ligi 1,5 miljoni krooni ehk 30 000 doosi väärtuses amfetamiini.",Keskkriminaalpolitsei avastas Raasikul tegutsenud narkolabori,Ekspress Grupp,Yes,Neutral
"Kesklinna kriminaalpolitseinikud tegid kindlaks, et enamasti kasutati röövimiste käigus vägivalda, pekstes kannatanuid käte ja jalgadega.",Politsei sai kätte noorte vägivaldse röövlikamba,Ekspress Grupp,Yes,Neutral
"Kiiruseületajate karistamise ebaõnnestunud strateegiad on näidanud, et politsei ei ole suuteline tagama liiklusohutust.",Liiklusohutus teedel,muud,Yes,Negative
"Kohus andis eile loa kuni kuueks kuuks vahi alla jätta roolijoodiku, kes jäi politseile viiendat korda autoroolis purjuspäi vahele.",Mees tabati viiendat korda autoroolist purjuspäi,Ekspress Grupp,Yes,Neutral
"Kokku tekitas röövija kahju veidi alla 9500 krooni, teatas Põhja politseiprefektuur.",Politsei tabas Lasnamäe keldripoodide röövija,Ekspress Grupp,Yes,Neutral
"Korduvad juhtumid, kus politsei ei ole suutnud lahendada keerukaid kuritegusid, tekitavad küsimusi ametnike võimekuse kohta.",Lahendamata kuriteod kuhjuvad,muud,Yes,Negative
"Kui kehtiv asjaõigusseadus ütleb, et kaotatud asja leidja peab oma leiust politseile teatama, kui asja väärtus on üle 100 krooni, siis peatselt kerkib latt 50 euro ehk 780 kroonini.",Kuni 50-eurone asi saab leidja omaks,Ekspress Grupp,Yes,Neutral
"Kui röövid poode, hakkad politseile vastu, blokeerid liikluse või oled mässujuht, siis saad Ansipi ja Ilvese lubatud viie vangla-aasta asemel mõned tunnikesed üldkasulikku tööd, mõned kroonid trahvi või hullemal juhul tingimisi türmi",Rahatrahv pronksöö eest,Õhtuleht Kirjastus,Yes,Neutral
"Kuid siis ilmus nn 4. juuli memorandum kultuuritegelaste allkirjadega, mis pani politsei avalikkuse surve alla.",Sulev Luige mõrvamüsteerium,Õhtuleht Kirjastus,Yes,Neutral
"Kuigi 2005. koalitsiooni lepingusse oli sisse kirjutatud, et 66 meetri kõrgune piirivalve raadiomast tuleb mujale viia ei ole linnavõimud, seda teemat enam mõnda aega arutanud.",Ajaleht: Kuressaare piirivalvemasti linnast välja viimised idee on vaibunud,Ekspress Grupp,Yes,Neutral
"Kuigi varasematel aastatel on jäänud palju õppekohti täitmata, siis on piirivalvekolledži direktor kolonel Uno Kaskpeit sel aastal vägagi positiivselt meelestatud.",Piirivalvekolledž alustab uute õppurite vastuvõttu,Ekspress Grupp,Yes,Neutral
"Küllap seepärast ta mõistis, et politsei vajab tunnustamist, "" ütles Kürsa.",Kauplus tegi politseinikele kingituse,muud,Yes,Neutral
"Kuna asjale pole veel ametlikku käiku antud, siis politsei konfliktis osalenute nimesid ei avalda.",""" Ühel hetkel tõukas üks mees teise pikali ja hoidis teda kõrist kinni just nagu kägistades . """,Õhtuleht Kirjastus,Yes,Neutral
"Kurb on vaadata, kuidas politsei, kes on viimastel aastatel avaliku arvamuse küsitluste järgi üks enim usaldatud riigi institutsioone, kasutab järjest rohkem ebademokraatlike režiimidele omaseid jõuvõtteid.",Ärme luba politseil muutuda miilitsaks!,muud,Yes,Negative
"Lääne Politseiprefektuur teatas läinud neljapäeval firmast Plussmeister OÜ, mis tegeles fiktiivsete arvete välja saatmisega erinevatele asutustele mitmesuguste teenuste eest.","Ettevõte esitas 2,3 miljoni eest võltsarveid",Ekspress Grupp,Yes,Neutral
Läbipaistvuse puudumine politsei tegevuses on viinud avalikkuse usalduse vähenemiseni.,Usalduskriisid Eesti ametkondades,muud,Yes,Negative
"Lapsepilastaja Toomas H. Liiv tahab trellide taga abielluda naisega, kelle poega politsei tema võimaliku ohvrina üle kuulas.",Pedofiil Toomas H. Liiv kavandab vanglas pulmi,Ekspress Grupp,Yes,Neutral
Laupäeval kell 18.15 teatati häirekeskusest Lääne politsei-prefektuuri juhtimiskeskusele liiklusõnnetusest Raplamaal.,Rongiga kokku põrganud auto juht suri kohapeal,Ekspress Grupp,Yes,Neutral
Looduse rahu segavatest ATV-dest tuleks teatada keskkonnakaitsjaile või politseile.,ATV-dega lõbusõitu tegijad häirivad metsarahva rahu,Ekspress Grupp,Yes,Neutral
Lõuna prefektuuri tuvastas Tartumaal laupäeval kolme inimese surmaga lõppenud liiklusõnnetuse kolmanda hukkunu isiku.,Selgus Tartu liiklusavarii kolmanda hukkunu nimi,Ekspress Grupp,Yes,Neutral
"Lumiste kinnitas, et Kaitseliidu Valgamaa maleva arendamise jaoks oleks piirivalvelinnak suurepärane.",Kaitseliit kolib tõenäoliselt üle piirivalvelinnakusse,muud,Yes,Neutral
"Ma leian, et politsei maine üldse ei ole Eesti riigis halb.",Mis taastaks politsei maine?,muud,Yes,Positive
"Maainimene võib kohaliku konstaabli tööga rahule jääda, oleneb muidugi kohast.",Mis taastaks politsei maine?,muud,Yes,Positive
"Meeskond moodustub nii politseiameti kui ka julgestuspolitsei olemasolevatest kõrgel tasemel spetsialistidest, kes koondatakse uude talitusse.",Politseiamet moodustas uue kriminaal- ja korrakaitsetalituse,Ekspress Grupp,Yes,Neutral
"Mõne päeva möödudes informeeriti juhtunust politseid, kes alustas mehe kadumise asjaolude väljaselgitamist.",Politsei tabas joomakaaslase tapnud noormehe,Ekspress Grupp,Yes,Neutral
"Mõni tund hiljem tuli Paide politseijaoskonda 23-aastane Alar ning tunnistas, et oli Merzedes Benzi roolis.",Auto kummuli keeranud juht põgenes sündmuskohalt,Ekspress Grupp,Yes,Neutral
Möödunud reedel käisid mõlemad poisid politseile eraldi tunnistust andmas.,Alaealistele suitsu müünud müüjat võib oodata kopsakas rahatrahv,muud,Yes,Neutral
"Mustvee kordon on piirivalve jaoks ajalooline, kuna esialgselt ehitati see juba 1923. aastal.",Piirivalve saab Ida-Virumaal kaks uut kordonit,Ekspress Grupp,Yes,Neutral
"Muuhulgas on kavas maastikumängud, politseikooli külastamine, tutvumine politsei relvastuse ning erivahenditega.",Paide politseiring kasvatab noorte huvi politseitöö vastu,Ekspress Grupp,Yes,Neutral
"Nädalavahetusel hukkus liiklusõnnetustes neli inimest, teatas politseiamet.",Joobes autojuhid põhjustasid nädalavahetusel mitu ülirasket liiklusõnnetust,Ekspress Grupp,Yes,Neutral
"Narvas esitati politseile avaldus, milles vastselt juhiloa saanud naisterahvas kurdab, et tema endine sõiduõpetaja sõimas teda.",Kaheksane uudis: Narva sõiduõpetaja sõimas iseennast,Ekspress Grupp,Yes,Neutral
"Nii kadus 27. detsembri öösel Pikk 8a juurest Volkswagen Golf Variant, mille politseinikud leidsid E. Enno 1 maja hoovist.",Valgas tegutsevad autovargad,muud,Yes,Neutral
Nii rääkis maantee-ameti peadirektori asetäitja Harri Kuusk eile eravärvides politseiautosse paigaldatud radarkaamera esitlusel.,Pildistav radar tuvastab kiiruseületaja isiku,Ekspress Grupp,Yes,Neutral
"Ning e-riigist ei olda politseis justkui kuuldudki, kui Lõuna-Eestis elavat oma õiguste eest seisjat oldi valmis jooksutama ka Põhja- ja Lääne-Eesti politseiasutuste vahet.",Nimi rikub meest,Õhtuleht Kirjastus,Yes,Negative
"Novembri algul vahendas meedias, kuidas politseinikud üht maski mitte kandnud noort naist kaubanduskeskuse toidupoest välja tarisid.",Ärme luba politseil muutuda miilitsaks!,muud,Yes,Negative
Õhtul oli ta koos abipolitseinikega jälginud pidutsevate noorte tegemisi.,Noorukit löönud vallavanem: olen valmis ametist lahkuma,Ekspress Grupp,Yes,Neutral
Otsingusse kaasatud politseikoer Vedur leidis asjaosaliste suureks rõõmuks prouad pimedast metsast üles.,Tubli töö: politseikoer Vedur päästis metsast kaks eksinud prouat,muud,Yes,Positive
"Pärast seda sõlmiti küll töörahu, kuid erinevad prohmakad politseis viitavad mitmele puudusele, kus politseijuht peaks võtma vastutuse.",Politseijuhid ei kipu oma prohmakatele reageerima,muud,Yes,Negative
"Peipsi piirivalverajooni ülema kapten Illar Jõgi sõnul on Peipsil hetkel jää võrdlemisi tugev, kuid paiguti esineb niinimetatud hingamisauke.",Peipsil vajus traktor läbi jää,Ekspress Grupp,Yes,Neutral
Piirivalve ebakompetentsus on võimaldanud salakaubavedajatel Eesti territooriumile vabalt sisse ja välja liikuda.,Salakaubanduse väljakutsed Eestile,muud,Yes,Negative
"Piirivalve pidas kahtlase auto kinni 10. jaanuari hommikul, seejärel kontrollisid autot Lääne maksu- ja tollikeskuse liikuvrühma töötajad ning Pärnumaa keskkonnakaitseinspektorid.",Järelevalvetöötajad avastasid Iklas ebaseadusliku kalakoorma,Ekspress Grupp,Yes,Neutral
"Põhja politsei prefektuurist teatati Päevaleht Online'ile, et laamendajaks osutus 1987. aastal sündinud Oliver, kes praeguseks hetkeks on paigutatud arestimajja.",Purjus jalgpallifänn põhjustas kakluse,Ekspress Grupp,Yes,Neutral
"Põhja politseiprefektuur hakkas vanemprokurör Endla Ülviste ülesandel otsima inimest, kes lekitas infot Vilde tee kolmikmõrva kohta, kirjutab Postimees.",Prokuratuur jahib infoleket,Õhtuleht Kirjastus,Yes,Neutral
"Põhja politseiprefektuuri kriminaalosakonna varavastaste kuritegude talitus otsib 1980. aastal sündinud Andrei Selivanovit, kes hoiab kõrvale kriminaalmenetlusest.",Politsei palub abi võimaliku autovarga tabamisel,Ekspress Grupp,Yes,Neutral
"Põhjusel, miks näiteks narkopolitseinikud ei saa ajakirjanduses tutvustada narkokurjategijate tabamiseks vajalikke töövõtteid.",Aitäh politseile hea töö eest !,Õhtuleht Kirjastus,Yes,Neutral
"Politsei "" mustad "" nimekirjad kindlasti ei tee elu tulevikus kergemaks.",MIHHAIL STALNUHHIN: vene keel teise riigikeelena tundub halb nali,Ekspress Grupp,Yes,Neutral
"Politsei abistas laupäeval, 16. juunil inimesi, keda nende naabrimees ähvardas mängurelvaga.",Joobes mees hoidis naabreid mängurelvaga hirmu all,Ekspress Grupp,Yes,Neutral
"Politsei avas eile Tallinna vandalismiaktides osalenud isikute tuvastamiseks veebikeskkonna tuvasta.politsei.ee, kus on üleval pealtnägijate tehtud fotod rüüstamisel osalenud isikutest, ning pildikogu täieneb pidevalt.",Politsei palub vandaalide tuvastamiseks kaaskodanikelt vihjeid,Ekspress Grupp,Yes,Neutral
"Politsei kooskõlastas täna Tallinn Pride 2007 korraldajate veidi muudetud ja täiendatud liiklusskeemi, andes sellega loa geiparaadi toimumisele.",Politsei näitas geiparaadile rohelist tuld,Ekspress Grupp,Yes,Neutral
"Politsei leidis nooruki Rohu tänava ääres lumes lebamas, kirjutab Pärnu Postimees.",Pärnus vajas haiglaravi purjus ja alajahtunud teismeline,Ekspress Grupp,Yes,Neutral
"Politsei lõpetas rahvusraamatukogu ees jaanuaris peetud Keskerakonna vastase piketi asjaolude uurimise, sest teol puudusid väärteotunnused.",Politsei lõpetas Keskerakonna vastase piketi uurimise,Ekspress Grupp,Yes,Neutral
Politsei maine on madal ja on seda juba miilitsa ajast peale.,Mis taastaks politsei maine?,muud,Yes,Negative
"Politsei on edukalt lahendanud mitmeid kadunud isikute juhtumeid, kasutades selleks nii traditsioonilisi meetodeid kui ka kaasaegset tehnoloogiat.","Kadunud, kuid mitte unustatud",muud,Yes,Positive
"Politsei on viimasel ajal investeerinud rohkem ressursse küberkuritegude uurimisse, näidates silmapaistvaid tulemusi.",Küberjulgekolekust,muud,Yes,Positive
"Politsei on võtnud kasutusele uued meetodid, mis on osutunud vaid ajaliselt ja rahaliselt kulukaks, ilma et see tooks kaasa oodatud tulemusi.",Politsei innovatsioon või raiskamine?,muud,Yes,Negative
Politsei otsus kasutada meeleavaldustel ülemäärast jõudu on toonud kaasa inimõiguste rikkumise süüdistused.,Meeleavalduste korraldamise dilemmad,muud,Yes,Negative
"Politsei pidas kohapeal kinni kolm alaealist noormeest, kellega politsei edasi tegeleb.",Politsei,muud,Yes,Neutral
"Politsei pidas sõiduauto kinni, selle roolis oli alkoholijoobes Irina ( snd 1962 ).",Politsei,muud,Yes,Neutral
"Politsei sisemised vaidlused ja juhtimisprobleemid on tõstatanud küsimusi, kas asutus on võimeline täitma oma kohustusi.",Politsei juhtimisküsimused,muud,Yes,Negative
"Politsei sõitis sündmuskohale ja leidis eest avatud ustega garaaži, kust oli turvafirma teatel kadunud madelauto Volkswagen Transporter.",Valgast varastatud auto leiti Tõlliste vallas kraavist,muud,Yes,Neutral
"Politsei soovib teha omalt poolt kõik, et inimeste jõuluaeg kujuneks turvaliseks, "" ütles politseipeadirektor Raivo Aeg. "" Selle ülesande täitmiseks kavandavad politseiasutused täiendavaid tegevusi. """,Politsei tõhustab detsembris avaliku korra tagamist,muud,Yes,Positive
"Politsei teatel oli hukkunud autojuhil turvavöö kinni, tema võimalik joove selgitatakse välja ekpertiisi tulemusena.",Pärnumaal hukkus mootorratta ja auto kokkupõrkes autojuht,Ekspress Grupp,Yes,Neutral
"Politsei toimetab 4000-5000 korda aastas kinnipidamiskambrisse välja puhkama mõne joobes või meelemürke tarvitanud inimese, keda tänaval ohustaksid kurjategijad või alajahtumine.",Linn rajab medabi pakkuva kaineri,Ekspress Grupp,Yes,Neutral
"Politsei toimetas naise surnukeha ekspertiisi, kus selgub hukkunu isik.",Kalamees leidis jõest naise surnukeha,Ekspress Grupp,Yes,Neutral
Politseiameti teatel leiti 31. detsembril kella 11.22 ajal Narvas Puškini tänava majast Anatoli ( s 1950 ) noahaavaga surnukeha.,Aastavahetusel tapeti Narvas kaks meest,Ekspress Grupp,Yes,Neutral
"Politseidirektor Toomas Malva tegi eile hommikul ETV "" Terevisioonis "" avalduse, et 9. mail pole vahet, kas lehvitatakse punalippu või sinimustvalget lippu - ühteviisi provokatiivsed on mõlemad tegevused.",REPLIIK: On ikka vahe küll,Ekspress Grupp,Yes,Neutral
"Politseile teatati eile kell 10.55, et Järva maakonnas Koigi vallas Päinurme külas sõidab ümber koolihoone sõiduauto pidevalt signaali andes.",Purjus isa pani teismelise poja rooli,Ekspress Grupp,Yes,Neutral
"Politseinik rääkis kolleegiga, kes juristi juhiluba väärteomenetluse läbiviimiseks edasi ei andnud, ning sai pakutavast 8000-kroonisest altkäemaksust teada, seisab süüdistuses.",Endine advokaat läheb kohtu alla,Ekspress Grupp,Yes,Neutral
Poole aastaga kuulutas politsei toona kadunuks 86 ja üles leiti 93 varem teadmata kadunuks kuulutatud inimest.,513 peret Eestis ootavad koju teadmata kadunud lähedasi,Ekspress Grupp,Yes,Neutral
PPA hiljutine ettevõtmine koolides liiklusohutuse teemadel on saanud laialdast positiivset tagasisidet.,Politsei käis koolis liiklusohutus õpetamas,muud,Yes,Positive
"PPA on tõhusalt lahendanud mitmed rasked kuriteod, mida iseloomustavad keerulised asjaolud.",Kuritegude statistika,muud,Yes,Positive
Praegu kogub politsei toimunu kohta materjali ning kaalub väärteomenetluse alustamist.,TTÜ ühikapeole kutsuti mitmel korral politsei,Ekspress Grupp,Yes,Neutral
"Praegu lõpeb aga politsei tegevus pahatihti vaid kuriteofaktide registreerimisega ja kui ise otsima ei hakka, ei tee politsei kah midagi.",Mis taastaks politsei maine?,muud,Yes,Negative
Praegune politsei on inimeste turvalisust moraalses plaanis suuresti parandanud.,Mis taastaks politsei maine?,muud,Yes,Positive
"Praeguseks on prokuratuur algatanud 19 kriminaalasja nii avaliku korra raske rikkumise, varguste kui ka politseile vastuhakkamise tõttu.",Raskema rikkumisega astub kohtu ette 19 isikut,Ekspress Grupp,Yes,Neutral
"Praeguseks on Tallinna munitsipaalpolitseinikud teinud juba ligi 500 müügikeelu kontrollkäiku, märkus on tulnud teha 12 kaupmehele.",Alkoholikeeldu kontrollib Tallinnas munitsipaalpolitsei,Ekspress Grupp,Yes,Neutral
"Reede pärastlõunal teatas Gitta Nazarova juhtunust politseile, kes alustas vahejuhtumi info kogumist.",Tundmatu üritas keset päeva kesklinnas väikelast röövida,Ekspress Grupp,Yes,Neutral
"Ressursside raiskamine on politseiorganisatsioonis muutumas üha tavalisemaks, eriti luksuslike töövahendite soetamisel.",Kuhu läheb politsei raha?,muud,Yes,Negative
"Riigikogu liige väitis, et hiljutised protestid on toonud esile politsei puuduliku ettevalmistuse suurte rahvakogunemiste ohjamiseks.",Massiürituste korraldamise puudujäägid annavad tunda,muud,Yes,Negative
Sealne liikluspolitsei koosnebki peaasjalikult hallipäistest soliidsetest härrasmeestest.,"Villu Vane – ilusat pensioni ! A natuke noor ei ole veel ? Üks politseinik , kelle vastu respekt !",Õhtuleht Kirjastus,Yes,Neutral
"Seda naeratust ei suuda Jäärats enam endas hoida ja et emotsioon ei paistaks võidurõõmuna, saab naeratusest kiiresti grimass, kuid see on ka kõik, millega narkopolitseinik oma emotsioone reedab.",Narkokomissar Jäärats astus kohtust välja vaba mehena,Ekspress Grupp,Yes,Neutral
Sedavõrd suurt hulka joobes juhte ei ole ühe hommikuse ___politsei___operatsiooni käigus tükk aega tabatud.,Rapla politsei tabas täna hommikul seitse joobes juhti,Ekspress Grupp,Yes,Neutral
"See algas tänavu aprillis, kui Tallinnas toimunud rahumeelsete inimeste valitsusvastaseid meeleavaldusi käisid maha surumas politsei eriüksuslased, politseinikud, kellel oli nimesiltide asemel number (et neid ei oleks võimalik tuvastada) ja kes on saanud eriväljaõppe massirahutuste mahasurumiseks.",Ärme luba politseil muutuda miilitsaks!,muud,Yes,Negative
"See omakorda on sundinud valitsust varasemaid lubadusi tagasi võtma ning kõneks olnud palgatõusust ilma jäävaid õpetajaid, politseinikke ja meedikuid meelt avaldama.",Kalvitis: pessimistlikud ennustused said tõeks,Ekspress Grupp,Yes,Neutral
"Seepärast ei jäänud politseinikel muud üle, kui vormistasid Andreile väärteoprotokolli ja lasid ta vabadusse.",Müüjat tappa ähvardanud poevaras jäi vabadusse,Ekspress Grupp,Yes,Neutral
"Selle käsu loogika oli lihtne: madalad trahvid pole liiklejaid seni distsiplineerinud, kõrgemad trahvid peaksid siis mõjuma, ning politsei täidabki usinalt ministri korraldust.",KÄRT ANVELT: Ettevaatust - Eesti politsei,Ekspress Grupp,Yes,Neutral
Selle sündmuse pealtnägijatelt ootab politsei kõnesid telefonil 730 8648.,Tartu politsei palub liiklusõnnetuse pealtnägijate abi,Ekspress Grupp,Yes,Neutral
Selleks sõlmis vald MTÜ-ga lepingu ja hiljem ka abipolitseiniku tunnistused omandanud ühingu liikmed asusid kohalike firmade rahalisel toetusel põhikohaga korrakaitsjatena tööle.,Politsei surve tegi kahe valla omaalgatusele lõpu,Ekspress Grupp,Yes,Neutral
"Seni alustatud kriminaalmenetlustest käsitlevad seitse politseipoolset põhjendamatut vägivalda ning ühe menetluse raames kontrollib prokuratuur väiteid, kas politseinik võis omastada kannatanu mobiiltelefoni.",Politsei tegevuse uurimiseks rahutuste ajal on alustatud kaheksa kriminaalmenetlust,Ekspress Grupp,Yes,Negative
Seoses uue juhtkonna tulekuga on viimase poole aasta jooksul politseis toimunud märgatav nihe paremuse poole.,Mis taastaks politsei maine?,muud,Yes,Positive
"Siseminister Jüri Pihl tegi pärast liiklusõnnetuste statistika analüüsimist otsuse, et liiklusõnnetustes hukkunute arvu vähendamiseks tuleb alustada politsei jõulisest reageerimisest.",Pihl: politsei peab karmistama liiklusrikkumiste karistusi,Ekspress Grupp,Yes,Neutral
Sügisel ja detsembris harjutasid Valga ja Valka politseinikud piiriülest koostööd.,Koostööleping aitab muuta piiriäärsete elanike elu,muud,Yes,Neutral
"Tallinna volikogu aseesimehe Elmar Sepa jalgealune on tuline, kuna vanalinna korterite tuttavate ja sõprade kätte mängimises kahtlustamise tõttu ootab teda ees nii umbusaldamine volikogus kui ka võimalik politseiuurimine.",Oma kutsumuse ohver: Elmar Sepa elutöö on korteriskandaalid,Ekspress Grupp,Yes,Neutral
Täna alustab Valgas ja Valkas lisaks tavapatrullidele tööd Eesti ja Läti politsei ühispatrull.,Politsei ühispatrull alustab,muud,Yes,Neutral
"Täna kella 21.40 oli politsei sunnitud kasutama Tõnismäel avaliku korra kaitsmiseks veelkord erivahendeid, kui toimus uus rünnak politseinike vastu.",Politsei kasutas valgus- ja heligranaate ning pulberkustuteid,Ekspress Grupp,Yes,Neutral
"Täna kella viie ajal õhtul juhtus liiklusõnnetus Puhja vallas Tartu-Viljandi maantee 13. kilomeetril, kus põrkasid kokku vastassuunavööndisse kaldunud kaubik Ford Transit ja sõiduauto VAZ 21063, teatas Lõuna politseiprefektuur.",Tartumaal hukkus liiklusõnnetuses kaks inimest,Ekspress Grupp,Yes,Neutral
"Täna Olümpia hotellis alanud konverents "" Kaitseme eurot võltsimise eest! "" tõi neljaks päevaks Eestisse kokku politseinikke, pankureid ja salateenistuse spetsialiste nii Euroopast kui Ameerikast.",Valerahategijad ootavad euro tulekut,Ekspress Grupp,Yes,Neutral
"Täna öösel pidasid Lääne Piirivalvepiirkonna Ikla piirivalvekordoni piirivalvurid kinni tagaotsitava isiku, kes anti üle Läti piirivalve esindajale.",Piirivalvurid pidasid Läti päti kinni,Ekspress Grupp,Yes,Neutral
"Täna võisteldakse Valgamaal Sokka turismitalus politseitöös vajalike õigusaktide tundmises, konfliktsituatsiooni lahendamises, liiklusõnnetuse sündmuskoha korrektses fikseerimises ning ennetusalase sisuga avalikus esinemises.",Küsimus-vastus,muud,Yes,Neutral
Tänu piirivalve kiirele reageerimisele avastati ja peatati mitu salakaubavedajate katset.,Piirivalve tõhustab järelevalvet,muud,Yes,Positive
"Tartu politseiosakonna pressiesindaja teatel selgus, et omavahelise arveteklaarimise käigus oli kaupluses löömaks läinud.",Tartus läks kaupluses löömaks,Ekspress Grupp,Yes,Neutral
"Tartus juhtus öösel liiklusõnnetus, kus purjus rollerijuht rammis politseiautot, tegemist on juba teise sarnase õnnetusega ööpäeva jooksul.",Roolijoodik rammis jälle politseiautot,Ekspress Grupp,Yes,Neutral
"Tartus teatas taksojuht esmaspäeval politseile, et tema sõidukis on relvaga klient.",Relvastatud mees istus taksosse,Õhtuleht Kirjastus,Yes,Neutral
"Teises maailmasõjas langenute mälestussamba juures peetud miiting eile Haapsalus oli emotsioonidelt vaoshoitud, rahva kogunemist jälgis/turvas tavapärasest rohkem politseinikke ja abipolitseinikke.",Võidumiiting hoidus poliitikast,muud,Yes,Neutral
"Teisipäeva hommikul kell 8.05 teatati politseile, et Valgas Vabaduse tänaval juhtus liiklusõnnetus.",Valga kesklinnas autolt löögi saanud naine suri,muud,Yes,Neutral
Temale teadaolevalt oli eile pärastlõunal Tallinnas Mustamäel asuvasse tagalapataljoni olukorda kontrollima saadetud ka sõjaväepolitsei.,Tagalapataljoni rühm pandi vanematega kohtuma maskides,Ekspress Grupp,Yes,Neutral
Toila lähistel asuva reostuse likvideerimiseks on piirivalve käivitanud reostustõrje operatsiooni.,Piirivalve avastas kaks merereostust,Ekspress Grupp,Yes,Neutral
"Tööd jätkus veepolitseile ka järgnevatel päevadel, kui nii laupäeval kui ka pühapäeval tabati joobes väikelaevajuht.",Pärnu veepolitsei tabas kaks purjus laevajuhti,Ekspress Grupp,Yes,Neutral
Tublid politseikoerad on oluliselt parandanud narkootikumide avastamise määra.,Koerad narkorindel,muud,Yes,Positive
"Tuleb nentida, et politsei on viimasel ajal teinud edukat tõhusalt koostööd teiste Euroopa Liidu liikmesriikide politseijõudude ja piirivalve üksustega.",Piiritud piirikriisid,muud,Yes,Positive
"Tulest pääses kaks meest, kustutamisel leidsid päästjad hukkunu, kes Ida politseiprefektuuri pressiesindaja teatel oli 1940. aastal sündinud Fjodor.",Põlenud puukuurist leiti hukkunu,Õhtuleht Kirjastus,Yes,Neutral
"Ühe suurima muudatusena viidi sisse asendus, mis andis õiguse teha ettekirjutisi mitte enam siseministrile, vaid hoopis politsei prefektile, kes on Linde sõnul tunduvalt apoliitilisem.",Keelatud rajatiste eelnõu läbis teise lugemise,Ekspress Grupp,Yes,Neutral
"Üks seifidest oli tühi, kuid teises sularaha ligi 100 000 krooni väärtuses ja kiirloteriipileteid, ütles Lõuna politseprefektuuri pressiesindaja Kairi Patlep Päevaleht Online'ile.",Tõrva kauplusest varastati ligi 100 000 krooni,Ekspress Grupp,Yes,Neutral
"Üldise ebaviisakuse kasv politseinike hulgas on tekitanud avalikkuses küsimusi, kas ametnikud peaksid läbima täiendava eetikakoolituse.",Kas politsei on liiga karm?,muud,Yes,Negative
"Uued politseiüksused, mis on saanud kallid investeeringud, ei ole suutnud näidata olulisi tulemusi.",Kas uued politseiüksused on oma hinda väärt?,muud,Yes,Negative
Uued turvameetmed piiril on osutunud ebaefektiivseks ja on saanud osa ekspertide poolt kriitikat.,Piirivalve tõhususest,muud,Yes,Negative
"Vahel on käinud politseinikud lasteaias ja lastele nad tohutult meeldivad, nad oskavad väga hästi läheneda ja kenasti käituda.",Mis taastaks politsei maine?,muud,Yes,Positive
"Vähem tähelepanu on saanud juhtumid, kus politsei on kasutanud jõudu ebaproportsionaalselt, põhjustades sellega kodanike vigastusi.",Politsei ja jõu kasutamise küsimus,muud,Yes,Negative
Valga politseijaoskond sai ühe politseibussi Volkswagen Transporter ja kaks sõiduautot Suzuki Vitara.,Politsei autopark noorenes,muud,Yes,Neutral
"Valga preventsioonitalitus koos Valga konstaablijaoskonnaga viis 21. septembril Valgas ja Tsirguliinas läbi politseioperatsiooni, mille eesmärgiks oli tõkestada alaealiste õigusrikkumisi ja tagada avalikku korda.",Politsei,muud,Yes,Neutral
Vastavasisuliste taotlustega on Lootsmanni poole pöördunud mitmed maakonna omavalitsused ja Põhja politseiprefekt Raivo Küüt.,Harju maavanem kaalub alkoholimüügi piiramist suveperioodiks,Ekspress Grupp,Yes,Neutral
"Vigastatutest ja arreteeritutest esialgseid teateid ei ole, küll aga toimusid väiksemad kokkupõrked kloostri läheduses, politsei pani ajalehe teatel suurematele teedele välja kontrollpunktid.",Dalai-laamale antud auhind põhjustas Tiibetis politsei ja munkade kokkupõrke,Ekspress Grupp,Yes,Neutral
Viie meetri pikkust alumiiniumkerega politseisedaani turvavad pättide eest lisaks nii auto lähiümbrust kui ka sõitjateruumi pidevalt jälgivad turvakaamerad ( loomulikult öövaatlusseadmega ) ning sõrmejäljelugejaga käivitustõkis.,Seda autot pätid kardaksid !,Õhtuleht Kirjastus,Yes,Neutral
"Viimase aja skandaalid PPAs, alates korruptsioonist kuni ametialase läbipõlemiseni, on murelikuks teinud nii poliitikud kui ka kodanikud.",Tähelepanekuid sündmuste arengust PPAs,muud,Yes,Negative
Viimasel ajal on politsei näidanud üles suurt oskust rahvahulkade ohjeldamisel suurüritustel.,Laulupidu. Reportaaž,muud,Yes,Positive
Viimastel aastatel on meie politsei saanud rahvusvahelist tunnustust erinevates valdkondades.,Euroopa narkoturg ei kahane,muud,Yes,Positive
Võimaliku vaenu õhutamise uurimiseks edastas kapo materjalid seisukoha võtuks Põhja politseiprefektuurile,Politsei Pravo i Pravda skandaalsest artiklist vaenu õhutamist ei leidnud,Ekspress Grupp,Yes,Neutral
"Võltsimistunnustega 500 kroonine kandis seerianumbrit BL427384, teatas Rapla politseijaoskonna infojuht Kaire Kozlova.",Politsei tuvastas Raplamaal kaks valeraha kasutamise juhtumit,Ekspress Grupp,Yes,Neutral
Võru politseiosakond teeb avalikku liiklusjärelevalvet ning mõõdab kiirust kella 10.00 - 12.00 Tallinna-Tartu-Luhamaa maanteel Võru-Põlva maakonna piirist kuni Viljandi ristmikuni.,Politsei mõõdab täna Tallinna-Tartu maanteel kiirust,Ekspress Grupp,Yes,Neutral